Transaction Date,Description,Currency,Debit,Credit,Category
28/06/2023,ADVANCE INCOME TAX / - / -,LKR,0.88,,Debt
28/06/2023,INTEREST / - / -,LKR,,17.53,Income
28/06/2023,WITHDRAWAL KATUBED-MIN 2 BR ,LKR,305,,ATM withdrawal
28/06/2023,"WITHDRAWAL 239,KATUBEDDA RM / ",LKR,505,,ATM withdrawal
28/06/2023,11SALARY Jun 2023 / ,LKR,,"25,000.00",Income
26/06/2023,WITHDRAWAL MOUNT'LV-CRM2 ,LKR,405,,ATM withdrawal
26/06/2023,WITHDRAWAL KATUBED-MIN 1 BR ,LKR,"1,405.00",,ATM withdrawal
23/06/2023,WITHDRAWAL KATUBED-MIN 2 BR ,LKR,605,,ATM withdrawal
22/06/2023,WITHDRAWAL KATUBED-MIN 1 BR ,LKR,405,,ATM withdrawal
22/06/2023,Sakalasuriya / O300016323877 / ,LKR,,420,Online Transfer/Credit
19/06/2023,WITHDRAWAL NDB Bank Moratuwa B / ,LKR,30,,ATM withdrawal
19/06/2023,WITHDRAWAL NDB Bank Moratuwa B / ,LKR,500,,ATM withdrawal
19/06/2023,WITHDRAWAL KATUBED-MIN 1 BR ,LKR,605,,ATM withdrawal
16/06/2023,JustPay Transaction / ,LKR,"3,540.00",,Online Transfer/Debit
16/06/2023,JustPay Transaction / ,LKR,520,,Online Transfer/Debit
15/06/2023,WITHDRAWAL MORATUWA-1 BR / ,LKR,405,,ATM withdrawal
15/06/2023,WITHDRAWAL KATUBED-MIN 2 BR ,LKR,905,,ATM withdrawal
15/06/2023,CDM DEPOSIT 00167 / ,LKR,,"1,200.00",Deposit
15/06/2023,CDM DEPOSIT 00167 / ,LKR,,"1,800.00",Deposit
15/06/2023,PURCHASE UBER EATS / ,LKR,"1,049.00",,Food
13/06/2023,WITHDRAWAL NDB Bank Moratuwa B / ,LKR,30,,ATM withdrawal
13/06/2023,WITHDRAWAL NDB Bank Moratuwa B / ,LKR,"2,000.00",,ATM withdrawal
12/6/2023,DEPOSIT-KATUBEDD-CRM2 ,LKR,,"1,000.00",Deposit
12/6/2023,WITHDRAWAL KATUBED-MIN 1 BR ,LKR,405,,ATM withdrawal
8/6/2023,WITHDRAWAL NDB Bank Moratuwa B / ,LKR,30,,ATM withdrawal
8/6/2023,WITHDRAWAL NDB Bank Moratuwa B / ,LKR,"2,000.00",,ATM withdrawal
8/6/2023,PURCHASE SPOTIFY AB / ,LKR,265,,Entertainment
6/6/2023,JustPay Transaction / ,LKR,"1,030.00",,Online Transfer/Debit
6/6/2023,WITHDRAWAL NDB Bank Moratuwa B / ,LKR,30,,ATM withdrawal
6/6/2023,WITHDRAWAL NDB Bank Moratuwa B / ,LKR,400,,ATM withdrawal
5/6/2023,WITHDRAWAL NDB Bank Moratuwa B / ,LKR,30,,ATM withdrawal
5/6/2023,WITHDRAWAL NDB Bank Moratuwa B / ,LKR,200,,ATM withdrawal
5/6/2023,WITHDRAWAL KATUBED-MIN 1 BR ,LKR,"1,505.00",,ATM withdrawal
5/6/2023,WITHDRAWAL KATUBED-MIN 1 BR ,LKR,905,,ATM withdrawal
2/6/2023,WITHDRAWAL KATUBED-MIN 2 BR ,LKR,"1,505.00",,ATM withdrawal
2/6/2023,k / O300014339048 / ,LKR,,"1,000.00",Online Transfer/Credit
1/6/2023,many / 000004184661 / ,LKR,,200,Online Transfer/Credit
1/6/2023,JustPay Transaction / ,LKR,50,,
31/05/2023,ADVANCE INCOME TAX / - / -,LKR,1.08,,
31/05/2023,INTEREST / - / -,LKR,,21.52,
31/05/2023,WITHDRAWAL KATUBED-MIN 2 BR ,LKR,"1,005.00",,
31/05/2023,PURCHASE CARGILLS ,LKR,"1,882.83",,
30/05/2023,JustPay Transaction / ,LKR,650,,
29/05/2023,WITHDRAWAL KATUBED-MIN 2 BR ,LKR,805,,
29/05/2023,PURCHASE UBER EATS / ,LKR,"1,994.00",,
29/05/2023,FAST CASH KATUBED-MIN 2 BR ,LKR,"5,005.00",,
26/05/2023,11SALARY MAY 2023 / ,LKR,,"25,000.00",
22/05/2023,UPB2B-B3A230522-004801 / ,LKR,,"2,000.00",
22/05/2023,WITHDRAWAL NDB Bank Moratuwa B / ,LKR,30,,
22/05/2023,WITHDRAWAL NDB Bank Moratuwa B / ,LKR,100,,
17/05/2023,"WITHDRAWAL 100,NEW GALLE RD,MO ",LKR,30,,
17/05/2023,"WITHDRAWAL 100,NEW GALLE RD,MO ",LKR,900,,
17/05/2023,WITHDRAWAL KATUBED-MIN 2 BR ,LKR,"1,205.00",,
16/05/2023,WITHDRAWAL KATUBED-MIN 1 BR ,LKR,405,,
16/05/2023,JustPay Transaction / ,LKR,520,,
15/05/2023,JustPay Transaction / ,LKR,163,,
15/05/2023,WITHDRAWAL KATUBED-MIN 1 BR ,LKR,405,,
15/05/2023,WITHDRAWAL KATUBED-MIN 2 BR ,LKR,"3,905.00",,
15/05/2023,WITHDRAWAL KATUBED-MIN 2 BR ,LKR,305,,
15/05/2023,WITHDRAWAL KATUBED-MIN 2 BR ,LKR,105,,
15/05/2023,WITHDRAWAL KATUBED-MIN 1 BR ,LKR,405,,
15/05/2023,WITHDRAWAL KATUBED-MIN 1 BR ,LKR,"1,405.00",,
12/5/2023,WITHDRAWAL NDB Bank Moratuwa B / ,LKR,30,,
12/5/2023,WITHDRAWAL NDB Bank Moratuwa B / ,LKR,600,,
12/5/2023,WITHDRAWAL NDB Bank Moratuwa B / ,LKR,30,,
12/5/2023,WITHDRAWAL NDB Bank Moratuwa B / ,LKR,300,,
10/5/2023,WITHDRAWAL MORATUWA-1 BR / ,LKR,"3,605.00",,
10/5/2023,DEPOSIT-PANADURA-CRM2 ,LKR,,"3,500.00",
10/5/2023,WITHDRAWAL KATUBED-MIN 1 BR ,LKR,205,,
8/5/2023,WITHDRAWAL NDB Bank Moratuwa B / ,LKR,30,,
8/5/2023,WITHDRAWAL NDB Bank Moratuwa B / ,LKR,700,,
8/5/2023,PURCHASE SPOTIFY AB / ,LKR,265,,
8/5/2023,WITHDRAWAL KATUBED-MIN 1 BR ,LKR,"2,505.00",,
8/5/2023,WITHDRAWAL MORATUWA-1 BR / ,LKR,"1,005.00",,
8/5/2023,WITHDRAWAL ICBS / 015489216969 / ,LKR,30,,
8/5/2023,WITHDRAWAL ICBS / 015489216969 / ,LKR,"2,900.00",,
8/5/2023,CDM DEPOSIT 00167 / ,LKR,,"3,000.00",
8/5/2023,WITHDRAWAL SLR FORT ATM3 RM / ,LKR,205,,
8/5/2023,WITHDRAWAL SATHOSA-M RML ,LKR,505,,
3/5/2023,WITHDRAWAL SLR FORT ATM2 RM / ,LKR,"1,605.00",,
3/5/2023,chamika / 312324684768 / ,LKR,,"2,600.00",
3/5/2023,WITHDRAWAL KATUBED-MIN 1 BR ,LKR,505,,
2/5/2023,ADV.INCOME TX CREDIT / - / -,LKR,,0.02,
2/5/2023,DEBIT INTEREST ADJ / - / -,LKR,0.38,,
2/5/2023,WITHDRAWAL MORATUWA-1 BR / ,LKR,"1,305.00",,
2/5/2023,D / O300011266027 / ,LKR,,"1,300.00",
2/5/2023,WITHDRAWAL MORATUWA-1 BR / ,LKR,505,,
2/5/2023,WITHDRAWAL Hatton National ,LKR,30,,
2/5/2023,WITHDRAWAL Hatton National ,LKR,200,,
2/5/2023,WITHDRAWAL NDB Bank Moratuwa B / ,LKR,30,,
2/5/2023,WITHDRAWAL NDB Bank Moratuwa B / ,LKR,"2,300.00",,
2/5/2023,JustPay Transaction / ,LKR,650,,
2/5/2023,JustPay Transaction / ,LKR,50,,
2/5/2023,WITHDRAWAL KATUBED-MIN 1 BR ,LKR,"1,005.00",,
2/5/2023,JustPay Transaction / ,LKR,"4,550.00",,
28/04/2023,ADVANCE INCOME TAX / - / -,LKR,1.07,,
28/04/2023,INTEREST / - / -,LKR,,21.4,
28/04/2023,11SALARY APR 2023 / ,LKR,,"25,000.00",
26/04/2023,WITHDRAWAL NDB Bank Moratuwa B / ,LKR,30,,
26/04/2023,WITHDRAWAL NDB Bank Moratuwa B / ,LKR,"3,000.00",,
24/04/2023,Ihan 2k / O300010460769 / ,LKR,,"2,000.00",
24/04/2023,"WITHDRAWAL 100,NEW GALLE RD,MO ",LKR,30,,
24/04/2023,"WITHDRAWAL 100,NEW GALLE RD,MO ",LKR,500,,
24/04/2023,WITHDRAWAL PEOPLE'S BANK / ,LKR,30,,
24/04/2023,WITHDRAWAL PEOPLE'S BANK / ,LKR,100,,
24/04/2023,WITHDRAWAL KATUBED-MIN 1 BR ,LKR,205,,
24/04/2023,WITHDRAWAL KATUBED-MIN 1 BR ,LKR,"1,005.00",,
24/04/2023,JustPay Transaction / ,LKR,30,,
24/04/2023,WITHDRAWAL KATUBED-MIN 1 BR ,LKR,205,,
24/04/2023,WITHDRAWAL KATUBED-MIN 2 BR ,LKR,"1,005.00",,
21/04/2023,WITHDRAWAL NDB Bank Moratuwa B / ,LKR,30,,
21/04/2023,WITHDRAWAL NDB Bank Moratuwa B / ,LKR,500,,
21/04/2023,PURCHASE UBER EATS / ,LKR,"1,134.00",,
20/04/2023,JustPay Transaction / ,LKR,163,,
18/04/2023,WITHDRAWAL KATUBED-MIN 1 BR ,LKR,605,,
18/04/2023,WITHDRAWAL MORATUWA-1 BR / ,LKR,305,,
17/04/2023,JustPay Transaction / ,LKR,520,,
17/04/2023,WITHDRAWAL KATUBED-MIN 1 BR ,LKR,"1,005.00",,
17/04/2023,WITHDRAWAL KATUBED-MIN 1 BR ,LKR,905,,
17/04/2023,ii / 000003602441 / EF 20230414 ,LKR,,800,
17/04/2023,PURCHASE UBER EATS / ,LKR,"1,992.00",,
17/04/2023,JustPay Transaction / ,LKR,"2,040.00",,
11/4/2023,JustPay Transaction / ,LKR,130,,
11/4/2023,DEPOSIT-PANADURA-CRM1 ,LKR,,"4,000.00",
10/4/2023,WITHDRAWAL PEOPLE'S BANK / ,LKR,30,,
10/4/2023,WITHDRAWAL PEOPLE'S BANK / ,LKR,"4,000.00",,
10/4/2023,u / 000003545158 / EF 20230410 ,LKR,,"4,000.00",
10/4/2023,JustPay Transaction / ,LKR,"3,040.00",,
10/4/2023,JustPay Transaction / ,LKR,447,,
10/4/2023,PURCHASE SPOTIFY AB / ,LKR,265,,
10/4/2023,WITHDRAWAL DEHIWELA BRANCH ,LKR,30,,
10/4/2023,WITHDRAWAL DEHIWELA BRANCH ,LKR,300,,
10/4/2023,"WITHDRAWAL 239,KATUBEDDA RM / ",LKR,"2,805.00",,
6/4/2023,WITHDRAWAL KATUBED-MIN 1 BR ,LKR,305,,
6/4/2023,WITHDRAWAL KATUBED-MIN 1 BR ,LKR,505,,
3/4/2023,JustPay Transaction / ,LKR,130,,
3/4/2023,WITHDRAWAL MT LAVINIA-1 BR / ,LKR,"18,505.00",,
3/4/2023,NIMROD / 015240269128 ,LKR,,"5,000.00",
3/4/2023,h / O300008467400 / ,LKR,,"12,000.00",
3/4/2023,b62e4990 PAY MASTER SOL / ,LKR,,650,
3/4/2023,WITHDRAWAL KATUBED-MIN 2 BR ,LKR,305,,
3/4/2023,WITHDRAWAL KATUBED-MIN 1 BR ,LKR,305,,
3/4/2023,Transfer / 000003435463 / ,LKR,,500,
31/03/2023,ADVANCE INCOME TAX / - / -,LKR,1.07,,
31/03/2023,INTEREST / - / -,LKR,,21.31,
31/03/2023,JustPay Transaction / ,LKR,650,,
31/03/2023,JustPay Transaction / ,LKR,50,,
31/03/2023,JustPay Transaction / ,LKR,650,,
30/03/2023,WITHDRAWAL NDB Bank Moratuwa B / ,LKR,30,,
30/03/2023,WITHDRAWAL NDB Bank Moratuwa B / ,LKR,300,,
30/03/2023,WITHDRAWAL NDB Bank Moratuwa B / ,LKR,30,,
30/03/2023,WITHDRAWAL NDB Bank Moratuwa B / ,LKR,"1,000.00",,
30/03/2023,WITHDRAWAL KATUBED-MIN 2 BR ,LKR,705,,
28/03/2023,JustPay Transaction / ,LKR,"1,030.00",,
28/03/2023,WITHDRAWAL MAJESTIC CT-2 RM ,LKR,"3,005.00",,
28/03/2023,14SALARY MAR 2023 / ,LKR,,"25,000.00",
27/03/2023,WITHDRAWAL KATUBED-MIN 2 BR ,LKR,605,,
27/03/2023,WITHDRAWAL KATUBED-MIN 1 BR ,LKR,505,,
27/03/2023,WITHDRAWAL NDB Bank Moratuwa B / ,LKR,30,,
27/03/2023,WITHDRAWAL NDB Bank Moratuwa B / ,LKR,500,,
27/03/2023,WITHDRAWAL NDB Bank Moratuwa B / ,LKR,30,,
27/03/2023,WITHDRAWAL NDB Bank Moratuwa B / ,LKR,600,,
22/03/2023,WITHDRAWAL NDB Bank Moratuwa B / ,LKR,30,,
22/03/2023,WITHDRAWAL NDB Bank Moratuwa B / ,LKR,300,,
21/03/2023,WITHDRAWAL KATUBEDDA-2 BR / ,LKR,505,,
21/03/2023,WITHDRAWAL MOUNT'LV-CRM2 ,LKR,"5,305.00",,
21/03/2023,shimu / O300007160010 / ,LKR,,"5,500.00",
20/03/2023,WITHDRAWAL KATUBED-MIN 2 BR ,LKR,"24,005.00",,
20/03/2023,CEFT / 679230206402 / ,LKR,,"20,000.00",
20/03/2023,WITHDRAWAL KATUBED-MIN 2 BR ,LKR,405,,
20/03/2023,WITHDRAWAL MORATUWA ,LKR,30,,
20/03/2023,WITHDRAWAL MORATUWA ,LKR,200,,
17/03/2023,WITHDRAWAL MORATUWA-1 BR / ,LKR,605,,
14/03/2023,JustPay Transaction / ,LKR,520,,
10/3/2023,WITHDRAWAL KATUBED-MIN 1 BR ,LKR,"1,205.00",,
9/3/2023,WITHDRAWAL NDB Bank Moratuwa B / ,LKR,30,,
9/3/2023,WITHDRAWAL NDB Bank Moratuwa B / ,LKR,300,,
8/3/2023,JustPay Transaction / ,LKR,447,,
8/3/2023,PURCHASE SPOTIFY AB / ,LKR,265,,
8/3/2023,PURCHASE LANKA FILLING STAT / ,LKR,505,,
8/3/2023,PURCHASE PAYHERE GATEWAY ,LKR,"1,360.00",,
7/3/2023,WITHDRAWAL KATUBED-MIN 1 BR ,LKR,505,,
7/3/2023,WITHDRAWAL KATUBED-MIN 1 BR ,LKR,505,,
7/3/2023,JustPay Transaction / ,LKR,530,,
7/3/2023,WITHDRAWAL MORATUWA-1 BR / ,LKR,405,,
7/3/2023,WITHDRAWAL KESELWAT NO24 ,LKR,"1,505.00",,
3/3/2023,WITHDRAWAL MORATUWA-1 BR / ,LKR,"1,505.00",,
3/3/2023,JustPay Transaction / ,LKR,"1,030.00",,
2/3/2023,WITHDRAWAL PANADURA-CRM2 ,LKR,"2,505.00",,
1/3/2023,WITHDRAWAL MAJESTIC CT-1 RM ,LKR,"3,505.00",,
28/02/2023,ADVANCE INCOME TAX / - / -,LKR,0.8,,
28/02/2023,INTEREST / - / -,LKR,,15.92,
28/02/2023,WITHDRAWAL MORATUWA ,LKR,30,,
28/02/2023,WITHDRAWAL MORATUWA ,LKR,"1,000.00",,
28/02/2023,JustPay Transaction / ,LKR,650,,
28/02/2023,15SALARY FEB 2023 / ,LKR,,"25,000.00",
27/02/2023,WITHDRAWAL MORATUWA ,LKR,30,,
27/02/2023,WITHDRAWAL MORATUWA ,LKR,400,,
27/02/2023,WITHDRAWAL KATUBED-MIN 2 BR ,LKR,505,,
27/02/2023,JustPay Transaction / ,LKR,50,,
23/02/2023,JustPay Transaction / ,LKR,50,,
23/02/2023,PURCHASE UBER / 014910513953 / -,LKR,185,,
22/02/2023,JustPay Transaction / ,LKR,100,,
22/02/2023,WITHDRAWAL MORATUWA ,LKR,30,,
22/02/2023,WITHDRAWAL MORATUWA ,LKR,400,,
22/02/2023,PURCHASE UBER EATS / ,LKR,"1,099.00",,
21/02/2023,WITHDRAWAL Hatton National ,LKR,30,,
21/02/2023,WITHDRAWAL Hatton National ,LKR,500,,
20/02/2023,WITHDRAWAL MORATUWA ,LKR,30,,
20/02/2023,WITHDRAWAL MORATUWA ,LKR,"1,000.00",,
20/02/2023,WITHDRAWAL KATUBED-MIN 2 BR ,LKR,605,,
17/02/2023,WITHDRAWAL KATUBED-MIN 2 BR ,LKR,"1,205.00",,
16/02/2023,PURCHASE DOMINO'S PIZZA ,LKR,"2,218.00",,
15/02/2023,JustPay Transaction / ,LKR,50,,
15/02/2023,WITHDRAWAL MAJESTIC CT-1 RM ,LKR,505,,
15/02/2023,JustPay Transaction / ,LKR,130,,
14/02/2023,WITHDRAWAL KATUBED-MIN 2 BR ,LKR,405,,
13/02/2023,WITHDRAWAL KATUBED-MIN 2 BR ,LKR,905,,
13/02/2023,8006157834-PERERA G L / ,LKR,,500,
13/02/2023,IHAN / 014852236556 ,LKR,,"5,000.00",
13/02/2023,DEPOSIT-PANADURA-CRM2 ,LKR,,"1,500.00",
13/02/2023,JustPay Transaction / ,LKR,520,,
13/02/2023,WITHDRAWAL MORATUWA ,LKR,30,,
13/02/2023,WITHDRAWAL MORATUWA ,LKR,400,,
13/02/2023,PURCHASE UBER EATS / ,LKR,"1,259.00",,
10/2/2023,WITHDRAWAL KATUBED-MIN 2 BR ,LKR,"1,105.00",,
10/2/2023,PURCHASE LITE CINEMAS / ,LKR,"1,450.00",,
9/2/2023,PURCHASE UBER EATS / ,LKR,"1,289.00",,
8/2/2023,WITHDRAWAL MAJESTIC CT-1 RM ,LKR,505,,
8/2/2023,PURCHASE SPOTIFY AB / ,LKR,265,,
6/2/2023,JustPay Transaction / ,LKR,"1,030.00",,
6/2/2023,WITHDRAWAL UNIVERSITY OF ,LKR,30,,
6/2/2023,WITHDRAWAL UNIVERSITY OF ,LKR,400,,
3/2/2023,"WITHDRAWAL 314,GALLE RD,KATUBE ",LKR,30,,
3/2/2023,"WITHDRAWAL 314,GALLE RD,KATUBE ",LKR,400,,
3/2/2023,JustPay Transaction / ,LKR,100,,
2/2/2023,WITHDRAWAL MORATUWA-1 BR / ,LKR,705,,
1/2/2023,WITHDRAWAL Moratuwa----------- / ,LKR,30,,
1/2/2023,WITHDRAWAL Moratuwa----------- / ,LKR,"1,500.00",,
1/2/2023,charuka / O300002719704 / ,LKR,,"1,000.00",
31/01/2023,ADVANCE INCOME TAX / - / -,LKR,1.16,,
31/01/2023,INTEREST / - / -,LKR,,23.16,
31/01/2023,JustPay Transaction / ,LKR,530,,
31/01/2023,WITHDRAWAL KATUBED-MIN 1 BR ,LKR,"1,005.00",,
31/01/2023,PURCHASE UBER / 014740050590 / -,LKR,200.62,,
31/01/2023,PURCHASE UBER / 014739786017 / -,LKR,186.52,,
30/01/2023,WITHDRAWAL KATUBED-MIN 1 BR ,LKR,505,,
30/01/2023,WITHDRAWAL KATUBEDDA-1 BR / ,LKR,505,,
30/01/2023,WITHDRAWAL KATUBED-MIN 1 BR ,LKR,"5,905.00",,
30/01/2023,JustPay Transaction / ,LKR,650,,
27/01/2023,WITHDRAWAL NDB Bank Moratuwa B / ,LKR,30,,
27/01/2023,WITHDRAWAL NDB Bank Moratuwa B / ,LKR,400,,
27/01/2023,WITHDRAWAL Hatton National ,LKR,30,,
27/01/2023,WITHDRAWAL Hatton National ,LKR,500,,
27/01/2023,FAST CASH MAJESTIC CT-1 RM ,LKR,"2,005.00",,
27/01/2023,16SALARY JAN 2023 / ,LKR,,"24,584.00",
26/01/2023,WITHDRAWAL MAJESTIC CT-1 RM ,LKR,"1,005.00",,
26/01/2023,"E/R- WITHDRAWAL 239,KATUBEDD / ",LKR,,5,
25/01/2023,WITHDRAWAL KATUBED-MIN 1 BR ,LKR,305,,
24/01/2023,JustPay Transaction / ,LKR,30,,
24/01/2023,WITHDRAWAL SBK MTM / ,LKR,30,,
24/01/2023,WITHDRAWAL SBK MTM / ,LKR,400,,
24/01/2023,JustPay Transaction / ,LKR,530,,
23/01/2023,"WITHDRAWAL 314,GALLE RD,KATUBE ",LKR,30,,
23/01/2023,"WITHDRAWAL 314,GALLE RD,KATUBE ",LKR,600,,
23/01/2023,CDM DEPOSIT 00167 / ,LKR,,"3,000.00",
23/01/2023,WITHDRAWAL KATUBED-MIN 2 BR ,LKR,705,,
23/01/2023,"WITHDRAWAL 25, 7TH CROSS ST,PA / ",LKR,30,,
23/01/2023,"WITHDRAWAL 25, 7TH CROSS ST,PA / ",LKR,900,,
23/01/2023,WITHDRAWAL KATUBED-MIN 1 BR ,LKR,"1,405.00",,
20/01/2023,WITHDRAWAL KATUBED-MIN 1 BR ,LKR,805,,
19/01/2023,"WITHDRAWAL 239,KATUBEDDA RM / ",LKR,5,,
19/01/2023,"WITHDRAWAL 239,KATUBEDDA RM / ",LKR,"1,605.00",,
19/01/2023,Nimma / 301914983970 / ,LKR,,"1,070.00",
18/01/2023,WITHDRAWAL KATUBED-MIN 2 BR ,LKR,"1,005.00",,
17/01/2023,WITHDRAWAL KATUBEDDA-1 BR / ,LKR,805,,
17/01/2023,WITHDRAWAL KATUBED-MIN 2 BR ,LKR,"1,005.00",,
13/01/2023,WITHDRAWAL MT LAVINIA-1 BR / ,LKR,"1,005.00",,
12/1/2023,JustPay Transaction / ,LKR,520,,
10/1/2023,Shashika / 301017656053 / ,LKR,,"1,000.00",
9/1/2023,WITHDRAWAL KATUBED-MIN 2 BR ,LKR,"1,305.00",,
9/1/2023,PURCHASE SPOTIFY AB / ,LKR,265,,
9/1/2023,"WITHDRAWAL 239,KATUBEDDA RM / ",LKR,205,,
9/1/2023,WITHDRAWAL KATUBED-MIN 2 BR ,LKR,705,,
9/1/2023,Nimma / 300714948701 / ,LKR,,100,
9/1/2023,JustPay Transaction / ,LKR,50,,
9/1/2023,WITHDRAWAL MOUNT'LV-CRM2 ,LKR,505,,
5/1/2023,WITHDRAWAL MORATUWA ,LKR,30,,
5/1/2023,WITHDRAWAL MORATUWA ,LKR,"1,000.00",,
3/1/2023,WITHDRAWAL KATUBED-MIN 1 BR ,LKR,805,,
2/1/2023,WITHDRAWAL KATUBED-MIN 1 BR ,LKR,"1,305.00",,
2/1/2023,PURCHASE UBER EATS / ,LKR,559,,
2/1/2023,WITHDRAWAL Hatton National ,LKR,30,,
2/1/2023,WITHDRAWAL Hatton National ,LKR,500,,
2/1/2023,WITHDRAWAL NO41A M'LAVIN ,LKR,"4,005.00",,
2/1/2023,lima / 236518927790 / ,LKR,,"1,000.00",
2/1/2023,WITHDRAWAL KATUBED-MIN 1 BR ,LKR,"3,205.00",,
30/12/2022,INTEREST / - / -,LKR,,24.45,
30/12/2022,WITHDRAWAL RATMALANA-1 BR ,LKR,205,,
29/12/2022,WITHDRAWAL KESELWATTA ,LKR,30,,
29/12/2022,WITHDRAWAL KESELWATTA ,LKR,"1,500.00",,
28/12/2022,WITHDRAWAL KATUBED-MIN 1 BR ,LKR,605,,
28/12/2022,JustPay Transaction / ,LKR,650,,
28/12/2022,WITHDRAWAL KATUBED-MIN 1 BR ,LKR,"1,305.00",,
28/12/2022,17SALARY SEP 2022 / ,LKR,,"25,000.00",
27/12/2022,WITHDRAWAL MORATUWA ,LKR,30,,
27/12/2022,WITHDRAWAL MORATUWA ,LKR,500,,
27/12/2022,WITHDRAWAL SBK MTM / ,LKR,30,,
27/12/2022,WITHDRAWAL SBK MTM / ,LKR,"1,000.00",,
27/12/2022,JustPay Transaction / ,LKR,"2,040.00",,
27/12/2022,DEPOSIT-MORATUWA-CRM1 ,LKR,,"2,000.00",
27/12/2022,WITHDRAWAL KATUBED-MIN 2 BR ,LKR,405,,
23/12/2022,FAST CASH KATUBED-MIN 1 BR ,LKR,"2,005.00",,
19/12/2022,JustPay Transaction / ,LKR,130,,
19/12/2022,PURCHASE MCDONALD'S / ,LKR,640,,
19/12/2022,FAST CASH KATUBED-MIN 1 BR ,LKR,"2,005.00",,
19/12/2022,WITHDRAWAL MOUNT'LV-CRM2 ,LKR,505,,
19/12/2022,WITHDRAWAL MORATUWA ,LKR,30,,
19/12/2022,WITHDRAWAL MORATUWA ,LKR,500,,
16/12/2022,WITHDRAWAL NDB Bank Moratuwa B / ,LKR,30,,
16/12/2022,WITHDRAWAL NDB Bank Moratuwa B / ,LKR,"1,700.00",,
16/12/2022,JustPay Transaction / ,LKR,59,,
15/12/2022,"WITHDRAWAL 314,GALLE RD,KATUBE ",LKR,30,,
15/12/2022,"WITHDRAWAL 314,GALLE RD,KATUBE ",LKR,400,,
14/12/2022,JustPay Transaction / ,LKR,430,,
14/12/2022,PURCHASE LITE CINEMAS / ,LKR,"1,230.00",,
13/12/2022,WITHDRAWAL KATUBED-MIN 1 BR ,LKR,"1,205.00",,
12/12/2022,JustPay Transaction / ,LKR,520,,
12/12/2022,WITHDRAWAL KATUBED-MIN 2 BR ,LKR,605,,
12/12/2022,WITHDRAWAL MT LAVINIA-1 BR / ,LKR,505,,
12/12/2022,UPCTS-B3A221210-,LKR,,"10,000.00",
12/12/2022,DEPOSIT-PANADURA-CRM2 ,LKR,,"2,500.00",
8/12/2022,"WITHDRAWAL 314,GALLE RD,KATUBE ",LKR,30,,
8/12/2022,"WITHDRAWAL 314,GALLE RD,KATUBE ",LKR,500,,
8/12/2022,WITHDRAWAL KATUBED-MIN 1 BR ,LKR,305,,
8/12/2022,PURCHASE SPOTIFY AB / ,LKR,265,,
8/12/2022,WITHDRAWAL NO41A M'LAVIN ,LKR,"6,005.00",,
6/12/2022,"WITHDRAWAL 314,GALLE RD,KATUBE ",LKR,30,,
6/12/2022,"WITHDRAWAL 314,GALLE RD,KATUBE ",LKR,800,,
5/12/2022,WITHDRAWAL KATUBED-MIN 2 BR ,LKR,405,,
30/11/2022,INTEREST / - / -,LKR,,37.08,
30/11/2022,"WITHDRAWAL 314,GALLE RD,KATUBE ",LKR,30,,
30/11/2022,"WITHDRAWAL 314,GALLE RD,KATUBE ",LKR,300,,
29/11/2022,WITHDRAWAL KATUBED-MIN 2 BR ,LKR,"13,305.00",,
29/11/2022,JustPay Transaction / ,LKR,50,,
28/11/2022,JustPay Transaction / ,LKR,650,,
28/11/2022,WITHDRAWAL KATUBED-MIN 2 BR ,LKR,"1,505.00",,
28/11/2022,20SALARY SEP 2022 / ,LKR,,"25,000.00",
28/11/2022,JustPay Transaction / ,LKR,50,,
28/11/2022,WITHDRAWAL AMANO MOR ,LKR,"1,005.00",,
25/11/2022,WITHDRAWAL KATUBED-MIN 2 BR ,LKR,505,,
24/11/2022,WITHDRAWAL MORATUWA ,LKR,30,,
24/11/2022,WITHDRAWAL MORATUWA ,LKR,500,,
24/11/2022,WITHDRAWAL MORATUWA-CRM1 ,LKR,505,,
23/11/2022,WITHDRAWAL KATUBED-MIN 2 BR ,LKR,505,,
23/11/2022,JustPay Transaction / ,LKR,50,,
22/11/2022,WITHDRAWAL KATUBED-MIN 2 BR ,LKR,205,,
21/11/2022,WITHDRAWAL KATUBED-MIN 1 BR ,LKR,"1,005.00",,
21/11/2022,JustPay Transaction / ,LKR,"2,040.00",,
21/11/2022,WITHDRAWAL MORATUWA ,LKR,30,,
21/11/2022,WITHDRAWAL MORATUWA ,LKR,"1,000.00",,
21/11/2022,JustPay Transaction / ,LKR,50,,
21/11/2022,WITHDRAWAL MORATUWA ,LKR,30,,
21/11/2022,WITHDRAWAL MORATUWA ,LKR,500,,
18/11/2022,WITHDRAWAL Hatton National ,LKR,30,,
18/11/2022,WITHDRAWAL Hatton National ,LKR,"4,000.00",,
18/11/2022,PURCHASE LITE CINEMAS / ,LKR,"1,230.00",,
17/11/2022,JustPay Transaction / ,LKR,60,,
15/11/2022,WITHDRAWAL KATUBED-MIN 1 BR ,LKR,305,,
14/11/2022,WITHDRAWAL MORATUWA-1 BR / ,LKR,"3,505.00",,
14/11/2022,JustPay Transaction / ,LKR,50,,
14/11/2022,JustPay Transaction / ,LKR,520,,
9/11/2022,WITHDRAWAL Hatton National ,LKR,30,,
9/11/2022,WITHDRAWAL Hatton National ,LKR,"2,000.00",,
8/11/2022,WITHDRAWAL KATUBED-MIN 2 BR ,LKR,"1,005.00",,
8/11/2022,PURCHASE SPOTIFY AB / ,LKR,265,,
8/11/2022,JustPay Transaction / ,LKR,50,,
8/11/2022,WITHDRAWAL KATUBED-MIN 1 BR ,LKR,405,,
8/11/2022,WITHDRAWAL UNIVERSITY OF ,LKR,30,,
8/11/2022,WITHDRAWAL UNIVERSITY OF ,LKR,200,,
8/11/2022,WITHDRAWAL KATUBED-MIN 2 BR ,LKR,"1,205.00",,
4/11/2022,WITHDRAWAL ICBS / 014111428542 / ,LKR,30,,
4/11/2022,WITHDRAWAL ICBS / 014111428542 / ,LKR,300,,
4/11/2022,WITHDRAWAL KATUBED-MIN 1 BR ,LKR,805,,
4/11/2022,JustPay Transaction / ,LKR,50,,
2/11/2022,WITHDRAWAL Hatton National ,LKR,30,,
2/11/2022,WITHDRAWAL Hatton National ,LKR,"1,000.00",,
1/11/2022,DB Renewal fee / DB Renewal fee / ,LKR,500,,
31/10/2022,INTEREST / - / -,LKR,,18.39,
31/10/2022,N/B DEPOSIT / - / -,LKR,,"3,330.00",
31/10/2022,JustPay Transaction / ,LKR,50,,
31/10/2022,JustPay Transaction / ,LKR,50,,
28/10/2022,WITHDRAWAL KATUBED-MIN 2 BR ,LKR,"1,005.00",,
28/10/2022,22SALARY SEP 2022 / ,LKR,,"25,000.00",
27/10/2022,JustPay Transaction / ,LKR,50,,
25/10/2022,JustPay Transaction / ,LKR,50,,
20/10/2022,WITHDRAWAL SBK MOR / ,LKR,30,,
20/10/2022,WITHDRAWAL SBK MOR / ,LKR,200,,
20/10/2022,JustPay Transaction / ,LKR,50,,
17/10/2022,JustPay Transaction / ,LKR,50,,
17/10/2022,JustPay Transaction / ,LKR,59,,
12/10/2022,JustPay Transaction / ,LKR,50,,
12/10/2022,FAST CASH KATUBEDDA-1 BR / ,LKR,"5,005.00",,
12/10/2022,JustPay Transaction / ,LKR,530,,
11/10/2022,JustPay Transaction / ,LKR,50,,
11/10/2022,WITHDRAWAL KATUBED-MIN 1 BR ,LKR,805,,
11/10/2022,WITHDRAWAL KATUBED-MIN 1 BR ,LKR,505,,
11/10/2022,PURCHASE SPOTIFY AB / ,LKR,265,,
5/10/2022,WITHDRAWAL KATUBED-MIN 1 BR ,LKR,505,,
5/10/2022,JustPay Transaction / ,LKR,50,,
5/10/2022,WITHDRAWAL KATUBED-MIN 2 BR ,LKR,"3,005.00",,
4/10/2022,JustPay Transaction / ,LKR,50,,
3/10/2022,JustPay Transaction / ,LKR,447,,
3/10/2022,WITHDRAWAL KATUBED-MIN 2 BR ,LKR,405,,
3/10/2022,JustPay Transaction / ,LKR,30,,
3/10/2022,WITHDRAWAL Moratuwa----------- / ,LKR,30,,
3/10/2022,WITHDRAWAL Moratuwa----------- / ,LKR,300,,
3/10/2022,WITHDRAWAL KATUBED-MIN 2 BR ,LKR,"1,005.00",,
30/09/2022,INTEREST / - / -,LKR,,16.77,
30/09/2022,WITHDRAWAL MORATUWA ,LKR,30,,
30/09/2022,WITHDRAWAL MORATUWA ,LKR,500,,
30/09/2022,JustPay Transaction / ,LKR,59,,
29/09/2022,WITHDRAWAL Hatton National ,LKR,30,,
29/09/2022,WITHDRAWAL Hatton National ,LKR,"1,000.00",,
28/09/2022,WITHDRAWAL KATUBED-MIN 2 BR ,LKR,805,,
28/09/2022,JustPay Transaction / ,LKR,"3,040.00",,
28/09/2022,JustPay Transaction / ,LKR,50,,
28/09/2022,27SALARY SEP 2022 / ,LKR,,"21,667.00",
28/09/2022,WITHDRAWAL MORATUWA ,LKR,30,,
28/09/2022,WITHDRAWAL MORATUWA ,LKR,"1,300.00",,
27/09/2022,WITHDRAWAL MORATUWA ,LKR,30,,
27/09/2022,WITHDRAWAL MORATUWA ,LKR,200,,
27/09/2022,401d4f41 Cargills Bank / ,LKR,,59,
26/09/2022,JustPay Transaction / ,LKR,59,,
26/09/2022,JustPay Transaction / ,LKR,50,,
23/09/2022,WITHDRAWAL KATUBED-MIN 1 BR ,LKR,305,,
23/09/2022,JustPay Transaction / ,LKR,50,,
22/09/2022,WITHDRAWAL KATUBED-MIN 1 BR ,LKR,405,,
21/09/2022,WITHDRAWAL KATUBED-MIN 2 BR ,LKR,405,,
20/09/2022,"WITHDRAWAL 314,GALLE RD,KATUBE ",LKR,30,,
20/09/2022,"WITHDRAWAL 314,GALLE RD,KATUBE ",LKR,500,,
20/09/2022,JustPay Transaction / ,LKR,50,,
19/09/2022,WITHDRAWAL KATUBED-MIN 1 BR ,LKR,405,,
19/09/2022,WITHDRAWAL KATUBED-MIN 1 BR ,LKR,205,,
19/09/2022,WITHDRAWAL KATUBED-MIN 1 BR ,LKR,305,,
19/09/2022,JustPay Transaction / ,LKR,50,,
16/09/2022,WITHDRAWAL KATUBED-MIN 2 BR ,LKR,305,,
15/09/2022,WITHDRAWAL KATUBED-MIN 2 BR ,LKR,205,,
15/09/2022,WITHDRAWAL KATUBED-MIN 2 BR ,LKR,305,,
15/09/2022,JustPay Transaction / ,LKR,50,,
14/09/2022,WITHDRAWAL MORATUWA ,LKR,30,,
14/09/2022,WITHDRAWAL MORATUWA ,LKR,200,,
14/09/2022,WITHDRAWAL KATUBED-MIN 1 BR ,LKR,305,,
14/09/2022,JustPay Transaction / ,LKR,50,,
13/09/2022,WITHDRAWAL MORATUWA ,LKR,30,,
13/09/2022,WITHDRAWAL MORATUWA ,LKR,500,,
13/09/2022,WITHDRAWAL KATUBED-MIN 1 BR ,LKR,305,,
12/9/2022,WITHDRAWAL KATUBED-MIN 1 BR ,LKR,505,,
12/9/2022,JustPay Transaction / ,LKR,530,,
12/9/2022,WITHDRAWAL KATUBED-MIN 1 BR ,LKR,"1,005.00",,
12/9/2022,DEPOSIT-MORATUWA-CRM1 ,LKR,,400,
12/9/2022,WITHDRAWAL KATUBED-MIN 1 BR ,LKR,805,,
9/9/2022,"WITHDRAWAL 239,KATUBEDDA RM / ",LKR,505,,
9/9/2022,WITHDRAWAL KATUBED-MIN 2 BR ,LKR,"4,505.00",,
8/9/2022,PURCHASE SPOTIFY AB / ,LKR,265,,
6/9/2022,WITHDRAWAL MORATUWA ,LKR,30,,
6/9/2022,WITHDRAWAL MORATUWA ,LKR,500,,
5/9/2022,WITHDRAWAL MORATUWA ,LKR,30,,
5/9/2022,WITHDRAWAL MORATUWA ,LKR,500,,
5/9/2022,WITHDRAWAL KATUBED-MIN 2 BR ,LKR,305,,
5/9/2022,WITHDRAWAL MORATUWA ,LKR,30,,
5/9/2022,WITHDRAWAL MORATUWA ,LKR,500,,
5/9/2022,JustPay Transaction / ,LKR,49,,
2/9/2022,DEPOSIT-MORATUWA-CRM1 ,LKR,,"5,000.00",
2/9/2022,WITHDRAWAL KATUBED-MIN 1 BR ,LKR,"2,505.00",,
2/9/2022,JustPay Transaction / ,LKR,50,,
31/08/2022,INTEREST / - / -,LKR,,27.82,
31/08/2022,WITHDRAWAL KATUBED-MIN 1 BR ,LKR,205,,
31/08/2022,WITHDRAWAL KATUBED-MIN 2 BR ,LKR,"4,805.00",,
31/08/2022,JustPay Transaction / ,LKR,100,,
29/08/2022,WITHDRAWAL KATUBED-MIN 1 BR ,LKR,"5,505.00",,
29/08/2022,WITHDRAWAL MORATUWA-CRM1 ,LKR,505,,
29/08/2022,WITHDRAWAL MORATUWA ,LKR,30,,
29/08/2022,WITHDRAWAL MORATUWA ,LKR,"2,000.00",,
26/08/2022,WITHDRAWAL MORATUWA ,LKR,30,,
26/08/2022,WITHDRAWAL MORATUWA ,LKR,500,,
26/08/2022,WITHDRAWAL KATUBED-MIN 1 BR ,LKR,505,,
26/08/2022,30SALARY AUG 2022 / ,LKR,,"25,000.00",
26/08/2022,JustPay Transaction / ,LKR,100,,
25/08/2022,WITHDRAWAL KATUBED-MIN 1 BR ,LKR,205,,
24/08/2022,JustPay Transaction / ,LKR,50,,
23/08/2022,WITHDRAWAL MORATUWA ,LKR,30,,
23/08/2022,WITHDRAWAL MORATUWA ,LKR,"1,000.00",,
23/08/2022,WITHDRAWAL KATUBED-MIN 1 BR ,LKR,305,,
22/08/2022,WITHDRAWAL MORATUWA ,LKR,30,,
22/08/2022,WITHDRAWAL MORATUWA ,LKR,"1,000.00",,
22/08/2022,WITHDRAWAL KATUBED-MIN 2 BR ,LKR,505,,
22/08/2022,JustPay Transaction / ,LKR,50,,
19/08/2022,WITHDRAWAL KATUBED-MIN 1 BR ,LKR,"1,005.00",,
17/08/2022,WITHDRAWAL KATUBED-MIN 1 BR ,LKR,505,,
17/08/2022,WITHDRAWAL KATUBED-MIN 1 BR ,LKR,"20,005.00",,
16/08/2022,WITHDRAWAL MORATUWA ,LKR,30,,
16/08/2022,WITHDRAWAL MORATUWA ,LKR,500,,
15/08/2022,WITHDRAWAL KATUBED-MIN 2 BR ,LKR,505,,
15/08/2022,DEPOSIT-MORATUWA-CRM1 ,LKR,,"21,000.00",
15/08/2022,FAST CASH KATUBED-MIN 1 BR ,LKR,"2,005.00",,
12/8/2022,WITHDRAWAL KATUBEDDA-2 BR / ,LKR,"1,005.00",,
12/8/2022,JustPay Transaction / ,LKR,50,,
12/8/2022,JustPay Transaction / ,LKR,49,,
12/8/2022,JustPay Transaction / ,LKR,100,,
12/8/2022,WITHDRAWAL MORATUWA ,LKR,30,,
12/8/2022,WITHDRAWAL MORATUWA ,LKR,500,,
10/8/2022,WITHDRAWAL KATUBED-MIN 2 BR ,LKR,"1,005.00",,
10/8/2022,JustPay Transaction / ,LKR,500,,
9/8/2022,WITHDRAWAL KATUBED-MIN 1 BR ,LKR,"1,005.00",,
8/8/2022,PURCHASE SPOTIFY AB / ,LKR,265,,
8/8/2022,JustPay Transaction / ,LKR,50,,
4/8/2022,WITHDRAWAL MORATUWA ,LKR,30,,
4/8/2022,WITHDRAWAL MORATUWA ,LKR,"1,000.00",,
1/8/2022,WITHDRAWAL SBK CLS / ,LKR,30,,
1/8/2022,WITHDRAWAL SBK CLS / ,LKR,"1,000.00",,
1/8/2022,JustPay Transaction / ,LKR,200,,
1/8/2022,JustPay Transaction / ,LKR,50,,
29/07/2022,INTEREST / - / -,LKR,,48.44,
28/07/2022,WITHDRAWAL KATUBED-MIN 1 BR ,LKR,"2,505.00",,
28/07/2022,31SALARY JUL 2022 / ,LKR,,"14,167.00",
26/07/2022,JustPay Transaction / ,LKR,500,,
26/07/2022,JustPay Transaction / ,LKR,100,,
26/07/2022,WITHDRAWAL MORATUWA-1 BR / ,LKR,"1,005.00",,
25/07/2022,WITHDRAWAL KATUBED-MIN 1 BR ,LKR,"1,005.00",,
25/07/2022,WITHDRAWAL KATUBED-MIN 1 BR ,LKR,"1,005.00",,
21/07/2022,WITHDRAWAL COLOMBO SUPER / ,LKR,30,,
21/07/2022,WITHDRAWAL COLOMBO SUPER / ,LKR,"1,000.00",,
20/07/2022,WITHDRAWAL KATUBED-MIN 1 BR ,LKR,"2,005.00",,
18/07/2022,JustPay Transaction / ,LKR,50,,
18/07/2022,FAST CASH KATUBED-MIN 2 BR ,LKR,"2,005.00",,
18/07/2022,JustPay Transaction / ,LKR,50,,
12/7/2022,JustPay Transaction / ,LKR,50,,
12/7/2022,WITHDRAWAL KATUBEDDA-2 BR / ,LKR,"51,005.00",,
11/7/2022,WITHDRAWAL KATUBED-MIN 1 BR ,LKR,"1,505.00",,
11/7/2022,JustPay Transaction / ,LKR,420,,
11/7/2022,JustPay Transaction / ,LKR,50,,
11/7/2022,WITHDRAWAL MORATUWA ,LKR,30,,
11/7/2022,WITHDRAWAL MORATUWA ,LKR,"6,000.00",,
8/7/2022,PURCHASE SPOTIFY / 013271603600 / ,LKR,265,,
7/7/2022,WITHDRAWAL MORATUWA ,LKR,30,,
7/7/2022,WITHDRAWAL MORATUWA ,LKR,"2,000.00",,
7/7/2022,JustPay Transaction / ,LKR,100,,
7/7/2022,JustPay Transaction / ,LKR,50,,
6/7/2022,"WITHDRAWAL 314,GALLE RD,KATUBE ",LKR,30,,
6/7/2022,"WITHDRAWAL 314,GALLE RD,KATUBE ",LKR,"1,000.00",,
5/7/2022,WITHDRAWAL KATUBED-MIN 1 BR ,LKR,"1,005.00",,
5/7/2022,JustPay Transaction / ,LKR,50,,
5/7/2022,0184318 Mot M468847 / ,LKR,,"77,220.00",
4/7/2022,JustPay Transaction / ,LKR,30,,